{
  "P0": [
    [
      0.0,
      0.0
    ],
    [
      0.0,
      0.0
    ],
    [
      -1111.256330664577,
      -2663.356239437416
    ],
    [
      10446.48830826279,
      18936.326855807994
    ],
    [
      -45421.92465239192,
      -67052.60038268479
    ],
    [
      105173.00828515005,
      131554.83789995653
    ],
    [
      -133624.26664757266,
      -144882.4240209144
    ],
    [
      87794.15874118521,
      84072.40202928931
    ],
    [
      -23276.43907705625,
      -19934.94057756686
    ],
    [
      -8.880868670937435,
      0.2826354785487945
    ],
    [
      39.05912488370479,
      6.700018259123785
    ],
    [
      0.10961278411125934,
      0.5913301352990398
    ],
    [
      -1.28431390287852,
      0.09640714378281563
    ],
    [
      -2.3819361224242495,
      -0.2266614570853096
    ],
    [
      -1.8415547681262163,
      -0.11557552639850564
    ],
    [
      -1.625228806631387,
      -0.10919412133468381
    ],
    [
      -0.53498079543762,
      0.010964288628949138
    ],
    [
      -0.690750383795395,
      -0.012339143266521071
    ],
    [
      -0.44815518309307883,
      -0.006514043912345639
    ],
    [
      0.0019714373997672782,
      0.01065799812181316
    ],
    [
      -0.6116666866382765,
      -0.01873499341067836
    ]
  ],
  "lambda1": -13139.434403820978,
  "lambda2": 116.03018550892425,
  "current_deg": 20,
  "deg_max": 50
}