{
  "P0": [
    [
      0.0,
      0.0
    ],
    [
      -1.7603244336494144e-41,
      0.0
    ],
    [
      -1111.256330653749,
      -2663.3562393709235
    ],
    [
      10446.488308235756,
      18936.326855570627
    ],
    [
      -45421.92465240161,
      -67052.60038242194
    ],
    [
      105173.00828518195,
      131554.83789983974
    ],
    [
      -133624.26664758308,
      -144882.42402089684
    ],
    [
      87794.15874119606,
      84072.40202929851
    ],
    [
      -23276.439077064453,
      -19934.940577567748
    ],
    [
      -8.880868662556168,
      0.2826354784799605
    ],
    [
      39.059124883599,
      6.700018258883119
    ],
    [
      0.1096127860218985,
      0.5913301353784846
    ],
    [
      -1.2843139051256003,
      0.0964071437090297
    ],
    [
      -2.3819361237656267,
      -0.22666145703874463
    ],
    [
      -1.8415547679305746,
      -0.11557552644956104
    ],
    [
      -1.6252288066962137,
      -0.1091941213346388
    ],
    [
      -0.5349807954871721,
      0.01096428863341714
    ],
    [
      -0.6907503838282878,
      -0.012339143266437702
    ],
    [
      -0.44815518309307834,
      -0.0065140439123316796
    ],
    [
      0.0019714373997672396,
      0.010657998121813173
    ],
    [
      -0.6116666866382765,
      -0.01873499341067836
    ],
    [
      -4.6698810361681993e-32,
      0.0
    ],
    [
      6.016715622327312e-36,
      0.0
    ],
    [
      4.7991687233863346e-32,
      0.0
    ],
    [
      -9.265328935056812e-38,
      0.0
    ],
    [
      -3.455401233899029e-32,
      0.0
    ],
    [
      4.618779653465473e-38,
      0.0
    ],
    [
      1.653867199471563e-32,
      0.0
    ],
    [
      -1.3686122415848374e-38,
      0.0
    ],
    [
      -4.7253348309471725e-33,
      0.0
    ],
    [
      1.8251283642929833e-39,
      0.0
    ],
    [
      6.097206349091901e-34,
      0.0
    ],
    [
      0.0,
      0.0
    ],
    [
      0.0,
      0.0
    ],
    [
      0.0,
      0.0
    ],
    [
      0.0,
      0.0
    ],
    [
      0.0,
      0.0
    ]
  ],
  "lambda1": -13139.434403820978,
  "lambda2": 116.03018550892425,
  "current_deg": 31,
  "deg_max": 50
}