{
  "P0": [
    [
      0.0,
      0.0
    ],
    [
      0.0,
      0.0
    ],
    [
      -1104.4686707132882,
      -2675.1369805403187
    ],
    [
      10452.69021697333,
      18925.172997751033
    ],
    [
      -45415.884062859564,
      -67063.65030979726
    ],
    [
      105178.9262709832,
      131544.05320666224
    ],
    [
      -133618.5203715828,
      -144892.50375022288
    ],
    [
      87799.53655637831,
      84063.98524198936
    ],
    [
      -23271.92972823862,
      -19939.62628669398
    ],
    [
      -6.285379755172759,
      3.7828121268387647
    ],
    [
      0.0,
      0.0
    ]
  ],
  "lambda1": -1726.4258456449338,
  "lambda2": 2.16928514882676,
  "current_deg": 9,
  "deg_max": 20
}